"Aventuras na Floresta Misteriosa",João Silva,2010
"Segredos do Universo",Maria Oliveira,2015
"O Mistério da Cidade Perdida",Carlos Santos,2008
"Noite Estrelada",Ana Souza,2019
"O Último Desafio",Pedro Martins,2022
"Além das Estrelas",Mariana Costa,2013
"Caminhos Cruzados",Ricardo Pereira,2017
"O Enigma do Tempo",Patrícia Lima,2011
"As Crônicas do Viajante",Gustavo Almeida,2016
"Destino Incerto",Isabel Oliveira,2009
"A Sombra do Passado",Fernando Santos,2014
"Entre Dois Mundos",Beatriz Rocha,2020
"O Labirinto dos Sonhos",Henrique Oliveira,2012
"À Luz do Luar",Clara Vieira,2007
"O Céu da Meia-Noite",Lucas Alves,2018
"O Segredo das Estrelas Cadentes",Catarina Pereira,2006
"A Jornada do Herói",Rui Fernandes,2021
"Memórias Esquecidas",Eduardo Costa,2013
"O Portal da Imaginação",Amanda Santos,2017
"O Legado dos Antigos",Bruno Lima,2014
"O Silêncio da Montanha",Mariana Castro,2019
"Vidas Entrelaçadas",Rafael Oliveira,2008
"Cores do Crepúsculo",Juliana Almeida,2015
"A Trama Invisível",Fernando Santos,2011
"Sombras do Passado",Carolina Pereira,2016
"Labirinto de Ilusões",Daniel Costa,2010
"Estrelas Cadentes",Camila Santos,2014
"O Mistério do Abismo",Gustavo Almeida,2008
"Em Busca da Verdade",Isabela Oliveira,2013
"No Coração da Tempestade",Pedro Lima,2019
"O Destino dos Perdidos",Laura Fernandes,2017
"Além do Infinito",Miguel Silva,2015
"Sob o Luar da Meia-Noite",Aline Oliveira,2012
"Refúgio das Estrelas",Ricardo Santos,2018
"Os Segredos do Passado",Fernanda Costa,2011
"Entre as Páginas",Gabriel Lima,2016
"A Última Fronteira",Carla Pereira,2009
"O Eco do Silêncio",Tiago Almeida,2020
"Para Além das Palavras",Marina Fernandes,2014
"Caminhos do Destino",Luciana Oliveira,2015
"Nas Asas da Imaginação",Alexandre Santos,2018
"O Enigma da Escuridão",Patrícia Almeida,2010
"O Legado Perdido",Bruno Costa,2013
"O Despertar das Sombras",Mariana Silva,2007
"Estrelas Distantes",João Fernandes,2011
"Rastros do Passado",Carolina Oliveira,2016
"O Labirinto das Recordações",Gustavo Almeida,2019
"Sob o Céu Estrelado",Isabela Santos,2014
"A Sombra do Destino",Fernando Lima,2008
"Trilhas do Tempo",Rafael Almeida,2012
"As Estrelas nos Observam",Amanda Costa,2017
"O Mistério do Abandono",Pedro Santos,2021
"Entre as Linhas do Tempo",Clara Lima,2015
"O Segredo das Estrelas Cadentes",Lucas Almeida,2010
"A Jornada do Viajante",Catarina Pereira,2016
"Memórias Esquecidas",Eduardo Costa,2012
"O Portal da Imaginação",Amanda Santos,2007
"O Legado dos Antigos",Bruno Lima,2018
"O Silêncio da Montanha",Mariana Castro,2013
"Vidas Entrelaçadas",Rafael Oliveira,2019
"Cores do Crepúsculo",Juliana Almeida,2006
"A Trama Invisível",Fernando Santos,2014
"Sombras do Passado",Carolina Pereira,2011
"Labirinto de Ilusões",Daniel Costa,2017
"Estrelas Cadentes",Camila Santos,2014
"O Mistério do Abismo",Gustavo Almeida,2019
"Em Busca da Verdade",Isabela Oliveira,2013
"No Coração da Tempestade",Pedro Lima,2011
"O Destino dos Perdidos",Laura Fernandes,2018
"Além do Infinito",Miguel Silva,2015
"Sob o Luar da Meia-Noite",Aline Oliveira,2016
"Refúgio das Estrelas",Ricardo Santos,2010
"Os Segredos do Passado",Fernanda Costa,2017
"Entre as Páginas",Gabriel Lima,2014
"A Última Fronteira",Carla Pereira,2011
"O Eco do Silêncio",Tiago Almeida,2018
"Para Além das Palavras",Marina Fernandes,2009
"Caminhos do Destino",Luciana Oliveira,2013
"Nas Asas da Imaginação",Alexandre Santos,2020
"O Enigma da Escuridão",Patrícia Almeida,2015
"O Legado Perdido",Bruno Costa,2012
"O Despertar das Sombras",Mariana Silva,2017
"Estrelas Distantes",João Fernandes,2014
"Rastros do Passado",Carolina Oliveira,2011
"O Labirinto das Recordações",Gustavo Almeida,2016
"Sob o Céu Estrelado",Isabela Santos,2008
"A Sombra do Destino",Fernando Lima,2015
"Trilhas do Tempo",Rafael Almeida,2010
"As Estrelas nos Observam",Amanda Costa,2019
"O Mistério do Abandono",Pedro Santos,2014
"Entre as Linhas do Tempo",Clara Lima,2007
